timestamp,frame,gaze,hand,trajectory,predicted_action,alert_flag
1744349136.23,0,unknown,unknown,unknown,unknown,NO
1744349137.02,10,unknown,unknown,unknown,unknown,NO
1744349137.72,20,unknown,unknown,unknown,unknown,NO
1744349138.43,30,unknown,unknown,unknown,unknown,NO
1744349139.15,40,unknown,unknown,unknown,unknown,NO
1744349139.86,50,unknown,unknown,center,unknown,NO
1744349140.57,60,unknown,unknown,unknown,unknown,NO
1744349141.27,70,unknown,unknown,unknown,unknown,NO
1744349142.02,80,unknown,unknown,unknown,unknown,NO
1744349142.73,90,unknown,unknown,unknown,unknown,NO
1744349143.43,100,unknown,unknown,left,unknown,NO
1744349144.14,110,unknown,unknown,left,unknown,NO
1744349144.85,120,unknown,unknown,right,unknown,NO
1744349145.56,130,unknown,unknown,left,unknown,NO
1744349146.26,140,unknown,unknown,right,unknown,NO
1744349146.97,150,unknown,unknown,right,unknown,NO
1744349147.67,160,unknown,unknown,right,unknown,NO
1744349148.38,170,unknown,unknown,left,unknown,NO
1744349149.09,180,unknown,unknown,right,unknown,NO
1744349149.79,190,unknown,unknown,right,unknown,NO
1744349150.5,200,unknown,unknown,right,unknown,NO
1744349151.21,210,unknown,unknown,right,unknown,NO
1744349151.92,220,unknown,unknown,unknown,unknown,NO
1744349152.62,230,unknown,unknown,left,unknown,NO
1744349153.32,240,left,unknown,right,unknown,NO
1744349154.04,250,unknown,open,center,unknown,NO
1744349154.74,260,unknown,unknown,left,unknown,NO
1744349155.46,270,unknown,unknown,unknown,unknown,NO
1744349156.19,280,unknown,unknown,unknown,unknown,NO
1744349156.91,290,unknown,unknown,unknown,unknown,NO
1744349157.6,300,unknown,open,unknown,unknown,NO
1744349158.32,310,unknown,open,unknown,unknown,NO
1744349159.01,320,unknown,open,unknown,unknown,NO
1744349159.72,330,unknown,open,unknown,unknown,NO
1744349160.43,340,unknown,unknown,unknown,unknown,NO
1744349161.14,350,unknown,open,unknown,unknown,NO
1744349161.84,360,unknown,unknown,unknown,unknown,NO
1744349162.58,370,unknown,open,left,unknown,NO
1744349163.34,380,unknown,unknown,center,unknown,NO
1744349164.05,390,unknown,open,right,unknown,NO
1744349164.75,400,unknown,unknown,center,unknown,NO
1744349165.46,410,unknown,unknown,left,unknown,NO
1744349166.17,420,unknown,unknown,center,unknown,NO
1744349166.87,430,unknown,unknown,right,unknown,NO
1744349167.59,440,unknown,unknown,right,unknown,NO
1744349168.35,450,unknown,unknown,left,unknown,NO
1744349169.07,460,unknown,unknown,left,unknown,NO
1744349169.77,470,unknown,unknown,left,unknown,NO
1744349170.47,480,left,unknown,right,unknown,NO
1744349171.18,490,left,unknown,left,unknown,NO
1744349171.92,500,unknown,unknown,right,unknown,NO
1744349172.62,510,unknown,unknown,right,unknown,NO
1744349173.33,520,unknown,unknown,center,unknown,NO
1744349174.04,530,unknown,open,right,unknown,NO
1744349174.74,540,unknown,open,center,unknown,NO
1744349175.46,550,unknown,open,left,unknown,NO
1744349176.16,560,unknown,open,right,unknown,NO
1744349176.87,570,unknown,gripping,left,unknown,NO
1744349177.57,580,unknown,open,unknown,unknown,NO
1744349178.29,590,unknown,open,right,unknown,NO
1744349179.0,600,unknown,open,unknown,unknown,NO
1744349179.7,610,unknown,open,unknown,unknown,NO
1744349180.41,620,unknown,open,unknown,unknown,NO
1744349181.1,630,unknown,gripping,unknown,unknown,NO
1744349181.85,640,unknown,unknown,right,unknown,NO
1744349182.55,650,unknown,unknown,unknown,unknown,NO
1744349183.26,660,unknown,unknown,unknown,unknown,NO
1744349183.97,670,unknown,unknown,unknown,unknown,NO
1744349184.66,680,unknown,unknown,unknown,unknown,NO
1744349185.39,690,unknown,unknown,unknown,unknown,NO
1744349186.14,700,unknown,unknown,unknown,unknown,NO
1744349186.83,710,unknown,unknown,unknown,unknown,NO
1744349187.54,720,unknown,unknown,unknown,unknown,NO
1744349188.25,730,unknown,unknown,unknown,unknown,NO
1744349189.0,740,unknown,unknown,unknown,unknown,NO
1744349189.7,750,unknown,unknown,right,unknown,NO
1744349190.41,760,unknown,unknown,left,unknown,NO
1744349191.13,770,unknown,unknown,left,unknown,NO
1744349191.82,780,unknown,open,right,unknown,NO
1744349192.53,790,unknown,unknown,right,unknown,NO
1744349193.24,800,unknown,unknown,left,unknown,NO
1744349193.92,810,unknown,unknown,unknown,unknown,NO
1744349194.58,820,unknown,unknown,unknown,unknown,NO
1744349195.26,830,unknown,unknown,unknown,unknown,NO
1744349195.92,840,unknown,unknown,unknown,unknown,NO
1744349196.58,850,unknown,unknown,unknown,unknown,NO
1744349197.26,860,unknown,unknown,unknown,unknown,NO
1744349197.92,870,unknown,unknown,unknown,unknown,NO
1744349198.59,880,unknown,unknown,left,unknown,NO
1744349199.25,890,unknown,unknown,left,unknown,NO
1744349199.92,900,unknown,open,right,unknown,NO
1744349200.69,910,unknown,open,unknown,unknown,NO
1744349201.35,920,unknown,open,unknown,unknown,NO
1744349202.1,930,unknown,unknown,right,unknown,NO
1744349202.77,940,unknown,unknown,unknown,unknown,NO
1744349203.42,950,unknown,unknown,unknown,unknown,NO
1744349204.09,960,unknown,open,unknown,unknown,NO
1744349204.75,970,unknown,open,unknown,unknown,NO
1744349205.43,980,unknown,open,unknown,unknown,NO
1744349206.09,990,unknown,open,unknown,unknown,NO
1744349206.76,1000,unknown,unknown,unknown,unknown,NO
1744349207.46,1010,unknown,unknown,left,unknown,NO
1744349208.15,1020,unknown,open,unknown,unknown,NO
1744349208.83,1030,unknown,unknown,right,unknown,NO
1744349209.49,1040,unknown,unknown,left,unknown,NO
1744349210.16,1050,unknown,unknown,left,unknown,NO
1744349210.84,1060,unknown,open,unknown,unknown,NO
1744349211.52,1070,unknown,open,unknown,unknown,NO
1744349212.18,1080,unknown,open,right,unknown,NO
1744349212.9,1090,unknown,open,right,unknown,NO
1744349213.56,1100,unknown,gripping,unknown,unknown,NO
1744349214.23,1110,unknown,open,unknown,unknown,NO
1744349214.9,1120,unknown,unknown,unknown,unknown,NO
1744349215.57,1130,unknown,unknown,unknown,unknown,NO
1744349216.31,1140,unknown,open,unknown,unknown,NO
1744349216.96,1150,unknown,open,unknown,unknown,NO
1744349217.63,1160,unknown,open,right,unknown,NO
1744349218.3,1170,unknown,unknown,left,unknown,NO
1744349219.03,1180,unknown,unknown,left,unknown,NO
1744349219.7,1190,unknown,unknown,unknown,unknown,NO
1744349220.45,1200,unknown,unknown,right,unknown,NO
1744349221.16,1210,unknown,unknown,left,unknown,NO
1744349221.88,1220,unknown,unknown,right,unknown,NO
1744349222.58,1230,unknown,unknown,left,unknown,NO
1744349223.29,1240,unknown,unknown,right,unknown,NO
1744349224.0,1250,unknown,unknown,left,unknown,NO
1744349224.7,1260,unknown,unknown,right,unknown,NO
1744349225.41,1270,unknown,unknown,center,unknown,NO
1744349226.12,1280,unknown,unknown,right,unknown,NO
1744349226.82,1290,unknown,unknown,center,unknown,NO
1744349227.53,1300,unknown,unknown,left,unknown,NO
1744349228.24,1310,unknown,unknown,center,unknown,NO
1744349228.94,1320,unknown,unknown,left,unknown,NO
1744349229.65,1330,unknown,unknown,left,unknown,NO
1744349230.37,1340,unknown,unknown,right,unknown,NO
1744349231.07,1350,unknown,unknown,center,unknown,NO
1744349231.78,1360,unknown,unknown,right,unknown,NO
1744349232.48,1370,unknown,unknown,left,unknown,NO
1744349233.19,1380,unknown,unknown,right,unknown,NO
1744349233.89,1390,unknown,unknown,left,unknown,NO
1744349234.6,1400,unknown,unknown,right,unknown,NO
1744349235.37,1410,unknown,unknown,left,unknown,NO
1744349236.12,1420,unknown,unknown,left,unknown,NO
1744349236.87,1430,unknown,unknown,left,unknown,NO
1744349237.57,1440,unknown,unknown,center,unknown,NO
1744349238.27,1450,unknown,unknown,right,unknown,NO
1744349238.99,1460,unknown,unknown,center,unknown,NO
1744349239.72,1470,unknown,unknown,center,unknown,NO
1744349240.44,1480,unknown,unknown,left,unknown,NO
1744349241.14,1490,unknown,unknown,center,unknown,NO
1744349241.95,1500,unknown,unknown,right,unknown,NO
1744349242.79,1510,unknown,unknown,center,unknown,NO
1744349243.57,1520,unknown,unknown,right,unknown,NO
1744349244.29,1530,unknown,unknown,right,unknown,NO
1744349245.0,1540,unknown,unknown,left,unknown,NO
1744349245.7,1550,unknown,unknown,left,unknown,NO
1744349246.4,1560,unknown,unknown,right,unknown,NO
1744349247.1,1570,unknown,unknown,left,unknown,NO
1744349247.82,1580,unknown,unknown,right,unknown,NO
1744349248.53,1590,unknown,unknown,left,unknown,NO
1744349249.23,1600,unknown,unknown,center,unknown,NO
1744349249.94,1610,unknown,unknown,center,unknown,NO
1744349250.64,1620,unknown,unknown,center,unknown,NO
1744349251.35,1630,unknown,unknown,left,unknown,NO
1744349252.06,1640,unknown,unknown,right,unknown,NO
1744349252.77,1650,unknown,unknown,center,unknown,NO
1744349253.48,1660,unknown,unknown,left,unknown,NO
1744349254.18,1670,unknown,unknown,center,unknown,NO
1744349254.89,1680,unknown,unknown,right,unknown,NO
1744349255.59,1690,unknown,unknown,center,unknown,NO
1744349256.3,1700,unknown,unknown,center,unknown,NO
1744349257.01,1710,unknown,unknown,center,unknown,NO
1744349257.72,1720,unknown,unknown,center,unknown,NO
1744349258.43,1730,unknown,unknown,center,unknown,NO
1744349259.13,1740,unknown,unknown,left,unknown,NO
1744349259.84,1750,unknown,unknown,center,unknown,NO
1744349260.54,1760,unknown,unknown,right,unknown,NO
1744349261.25,1770,unknown,unknown,left,unknown,NO
1744349261.96,1780,unknown,unknown,left,unknown,NO
1744349262.66,1790,unknown,unknown,right,unknown,NO
1744349263.37,1800,unknown,unknown,center,unknown,NO
1744349264.08,1810,unknown,unknown,left,unknown,NO
1744349264.79,1820,unknown,unknown,right,unknown,NO
1744349265.49,1830,unknown,unknown,left,unknown,NO
1744349266.2,1840,unknown,unknown,right,unknown,NO
1744349266.9,1850,unknown,unknown,left,unknown,NO
1744349267.61,1860,unknown,unknown,left,unknown,NO
1744349268.32,1870,unknown,unknown,right,unknown,NO
1744349269.03,1880,unknown,unknown,left,unknown,NO
1744349269.72,1890,unknown,unknown,left,unknown,NO
1744349270.44,1900,unknown,open,right,unknown,NO
1744349271.15,1910,unknown,unknown,left,unknown,NO
1744349271.85,1920,unknown,unknown,right,unknown,NO
1744349272.56,1930,unknown,unknown,left,unknown,NO
1744349273.26,1940,unknown,unknown,center,unknown,NO
1744349273.97,1950,unknown,unknown,right,unknown,NO
1744349274.68,1960,unknown,unknown,left,unknown,NO
1744349275.39,1970,unknown,unknown,center,unknown,NO
1744349276.1,1980,unknown,unknown,right,unknown,NO
1744349276.81,1990,unknown,unknown,left,unknown,NO
1744349277.52,2000,unknown,unknown,right,unknown,NO
1744349278.22,2010,unknown,unknown,left,unknown,NO
1744349278.93,2020,unknown,unknown,right,unknown,NO
1744349279.63,2030,unknown,unknown,center,unknown,NO
1744349280.34,2040,unknown,unknown,right,unknown,NO
1744349281.05,2050,unknown,unknown,left,unknown,NO
1744349281.76,2060,unknown,unknown,center,unknown,NO
1744349282.46,2070,unknown,unknown,left,unknown,NO
1744349283.17,2080,unknown,unknown,right,unknown,NO
1744349283.86,2090,unknown,unknown,left,unknown,NO
1744349284.57,2100,unknown,unknown,left,unknown,NO
1744349285.29,2110,unknown,unknown,right,unknown,NO
1744349286.0,2120,unknown,unknown,right,unknown,NO
1744349286.71,2130,unknown,unknown,left,unknown,NO
1744349287.41,2140,unknown,unknown,center,unknown,NO
1744349288.11,2150,unknown,unknown,center,unknown,NO
1744349288.83,2160,unknown,unknown,right,unknown,NO
1744349289.54,2170,unknown,unknown,right,unknown,NO
1744349290.24,2180,unknown,unknown,center,unknown,NO
1744349290.95,2190,unknown,unknown,right,unknown,NO
1744349291.65,2200,unknown,unknown,left,unknown,NO
1744349292.35,2210,unknown,unknown,right,unknown,NO
1744349293.07,2220,unknown,unknown,center,unknown,NO
1744349293.77,2230,unknown,unknown,center,unknown,NO
1744349294.48,2240,unknown,unknown,center,unknown,NO
1744349295.19,2250,unknown,unknown,right,unknown,NO
1744349295.9,2260,unknown,unknown,left,unknown,NO
1744349296.61,2270,unknown,unknown,right,unknown,NO
1744349297.31,2280,unknown,unknown,left,unknown,NO
1744349298.01,2290,unknown,unknown,center,unknown,NO
1744349298.71,2300,unknown,unknown,right,unknown,NO
1744349299.43,2310,unknown,unknown,center,unknown,NO
1744349300.14,2320,unknown,unknown,center,unknown,NO
1744349300.84,2330,unknown,unknown,center,unknown,NO
1744349301.55,2340,unknown,unknown,left,unknown,NO
1744349302.26,2350,unknown,unknown,center,unknown,NO
1744349302.96,2360,unknown,unknown,center,unknown,NO
1744349303.66,2370,unknown,unknown,left,unknown,NO
1744349304.38,2380,unknown,unknown,right,unknown,NO
1744349305.07,2390,unknown,unknown,center,unknown,NO
1744349305.78,2400,unknown,unknown,right,unknown,NO
1744349306.49,2410,unknown,unknown,center,unknown,NO
1744349307.19,2420,unknown,unknown,right,unknown,NO
1744349307.9,2430,unknown,unknown,left,unknown,NO
1744349308.63,2440,unknown,unknown,right,unknown,NO
1744349309.33,2450,unknown,unknown,left,unknown,NO
1744349310.04,2460,unknown,unknown,right,unknown,NO
1744349310.75,2470,unknown,unknown,center,unknown,NO
1744349311.45,2480,unknown,unknown,center,unknown,NO
1744349312.16,2490,unknown,unknown,center,unknown,NO
1744349312.87,2500,unknown,unknown,center,unknown,NO
1744349313.57,2510,unknown,unknown,right,unknown,NO
1744349314.28,2520,unknown,unknown,center,unknown,NO
1744349314.98,2530,unknown,unknown,left,unknown,NO
1744349315.68,2540,unknown,unknown,left,unknown,NO
1744349316.4,2550,unknown,unknown,right,unknown,NO
1744349317.11,2560,unknown,unknown,left,unknown,NO
1744349317.81,2570,unknown,unknown,center,unknown,NO
1744349318.52,2580,unknown,unknown,right,unknown,NO
1744349319.23,2590,unknown,unknown,left,unknown,NO
1744349319.92,2600,unknown,unknown,right,unknown,NO
1744349320.64,2610,unknown,unknown,center,unknown,NO
1744349321.35,2620,unknown,unknown,center,unknown,NO
1744349322.05,2630,unknown,unknown,left,unknown,NO
1744349322.76,2640,unknown,unknown,right,unknown,NO
1744349323.47,2650,unknown,unknown,center,unknown,NO
1744349324.17,2660,unknown,unknown,left,unknown,NO
1744349324.89,2670,unknown,unknown,left,unknown,NO
1744349325.59,2680,unknown,unknown,center,unknown,NO
1744349326.29,2690,unknown,unknown,center,unknown,NO
1744349327.0,2700,unknown,unknown,center,unknown,NO
1744349327.7,2710,unknown,unknown,center,unknown,NO
1744349328.41,2720,unknown,unknown,right,unknown,NO
1744349329.13,2730,unknown,unknown,right,unknown,NO
1744349329.83,2740,unknown,unknown,center,unknown,NO
1744349330.53,2750,unknown,unknown,left,unknown,NO
1744349331.24,2760,unknown,unknown,right,unknown,NO
1744349331.95,2770,unknown,unknown,center,unknown,NO
1744349332.66,2780,unknown,unknown,left,unknown,NO
1744349333.37,2790,unknown,unknown,left,unknown,NO
1744349334.05,2800,unknown,unknown,center,unknown,NO
1744349334.77,2810,unknown,unknown,center,unknown,NO
1744349335.49,2820,unknown,unknown,center,unknown,NO
1744349336.2,2830,unknown,unknown,left,unknown,NO
1744349336.9,2840,unknown,unknown,right,unknown,NO
1744349337.61,2850,unknown,unknown,center,unknown,NO
1744349338.32,2860,unknown,unknown,center,unknown,NO
1744349339.02,2870,unknown,unknown,left,unknown,NO
1744349339.72,2880,unknown,unknown,right,unknown,NO
1744349340.44,2890,unknown,unknown,left,unknown,NO
1744349341.18,2900,unknown,unknown,right,unknown,NO
1744349341.88,2910,unknown,unknown,left,unknown,NO
1744349342.58,2920,unknown,unknown,center,unknown,NO
1744349343.3,2930,unknown,unknown,right,unknown,NO
1744349344.0,2940,unknown,unknown,right,unknown,NO
1744349344.71,2950,unknown,unknown,left,unknown,NO
1744349345.41,2960,unknown,unknown,right,unknown,NO
1744349346.12,2970,unknown,unknown,center,unknown,NO
1744349346.83,2980,unknown,unknown,center,unknown,NO
1744349347.53,2990,unknown,unknown,center,unknown,NO
1744349348.28,3000,unknown,unknown,center,unknown,NO
1744349348.98,3010,unknown,unknown,center,unknown,NO
1744349349.68,3020,unknown,unknown,right,unknown,NO
1744349350.4,3030,unknown,unknown,center,unknown,NO
1744349351.09,3040,unknown,unknown,left,unknown,NO
1744349351.8,3050,unknown,unknown,center,unknown,NO
1744349352.52,3060,unknown,unknown,center,unknown,NO
1744349353.21,3070,unknown,unknown,left,unknown,NO
1744349353.92,3080,unknown,unknown,right,unknown,NO
1744349354.63,3090,unknown,unknown,center,unknown,NO
1744349355.34,3100,unknown,unknown,center,unknown,NO
1744349356.04,3110,unknown,unknown,center,unknown,NO
1744349356.75,3120,unknown,unknown,left,unknown,NO
1744349357.45,3130,unknown,unknown,center,unknown,NO
1744349358.16,3140,unknown,unknown,right,unknown,NO
1744349358.87,3150,unknown,unknown,left,unknown,NO
1744349359.59,3160,unknown,unknown,left,unknown,NO
1744349360.29,3170,unknown,unknown,center,unknown,NO
1744349361.0,3180,unknown,unknown,right,unknown,NO
1744349361.71,3190,unknown,unknown,right,unknown,NO
1744349362.41,3200,unknown,unknown,right,unknown,NO
1744349363.12,3210,unknown,unknown,left,unknown,NO
1744349363.83,3220,unknown,unknown,center,unknown,NO
1744349364.54,3230,unknown,unknown,right,unknown,NO
1744349365.24,3240,unknown,unknown,center,unknown,NO
1744349365.95,3250,unknown,unknown,center,unknown,NO
1744349366.65,3260,unknown,unknown,right,unknown,NO
1744349367.37,3270,unknown,unknown,center,unknown,NO
1744349368.07,3280,unknown,unknown,center,unknown,NO
1744349368.77,3290,unknown,unknown,center,unknown,NO
1744349369.48,3300,unknown,unknown,center,unknown,NO
1744349370.19,3310,unknown,unknown,left,unknown,NO
1744349370.9,3320,unknown,unknown,left,unknown,NO
1744349371.6,3330,unknown,unknown,right,unknown,NO
1744349372.31,3340,unknown,unknown,left,unknown,NO
1744349373.02,3350,unknown,unknown,center,unknown,NO
1744349373.73,3360,unknown,unknown,center,unknown,NO
1744349374.43,3370,unknown,unknown,left,unknown,NO
1744349375.14,3380,unknown,unknown,center,unknown,NO
1744349375.84,3390,unknown,unknown,left,unknown,NO
1744349376.55,3400,unknown,unknown,left,unknown,NO
1744349377.25,3410,unknown,unknown,center,unknown,NO
1744349377.97,3420,unknown,unknown,left,unknown,NO
1744349378.67,3430,unknown,unknown,center,unknown,NO
1744349379.38,3440,unknown,unknown,center,unknown,NO
1744349380.09,3450,unknown,unknown,center,unknown,NO
1744349380.79,3460,unknown,unknown,left,unknown,NO
1744349381.49,3470,unknown,unknown,left,unknown,NO
1744349382.21,3480,unknown,unknown,right,unknown,NO
1744349382.92,3490,unknown,unknown,right,unknown,NO
1744349383.62,3500,unknown,unknown,center,unknown,NO
1744349384.33,3510,unknown,unknown,center,unknown,NO
1744349385.03,3520,unknown,unknown,right,unknown,NO
1744349385.75,3530,unknown,unknown,left,unknown,NO
1744349386.45,3540,unknown,unknown,right,unknown,NO
1744349387.16,3550,unknown,unknown,left,unknown,NO
1744349387.86,3560,unknown,unknown,center,unknown,NO
1744349388.57,3570,unknown,unknown,right,unknown,NO
1744349389.28,3580,unknown,unknown,left,unknown,NO
1744349389.98,3590,unknown,unknown,left,unknown,NO
1744349390.69,3600,unknown,unknown,right,unknown,NO
1744349391.39,3610,unknown,unknown,center,unknown,NO
1744349392.1,3620,unknown,unknown,left,unknown,NO
1744349392.81,3630,unknown,unknown,left,unknown,NO
1744349393.52,3640,unknown,unknown,left,unknown,NO
1744349394.22,3650,unknown,unknown,right,unknown,NO
1744349394.93,3660,unknown,unknown,center,unknown,NO
1744349395.64,3670,unknown,unknown,center,unknown,NO
1744349396.34,3680,unknown,unknown,right,unknown,NO
1744349397.05,3690,unknown,unknown,left,unknown,NO
1744349397.76,3700,unknown,unknown,right,unknown,NO
1744349398.46,3710,unknown,unknown,left,unknown,NO
1744349399.17,3720,unknown,unknown,right,unknown,NO
1744349399.88,3730,unknown,unknown,left,unknown,NO
1744349400.59,3740,unknown,unknown,right,unknown,NO
1744349401.29,3750,unknown,unknown,left,unknown,NO
1744349402.0,3760,unknown,unknown,center,unknown,NO
1744349402.7,3770,unknown,unknown,left,unknown,NO
1744349403.42,3780,unknown,unknown,center,unknown,NO
1744349404.13,3790,unknown,unknown,right,unknown,NO
1744349404.83,3800,unknown,unknown,left,unknown,NO
1744349405.54,3810,unknown,unknown,left,unknown,NO
1744349406.25,3820,unknown,unknown,right,unknown,NO
1744349406.95,3830,unknown,unknown,center,unknown,NO
1744349407.66,3840,unknown,unknown,center,unknown,NO
1744349408.36,3850,unknown,unknown,center,unknown,NO
1744349409.07,3860,unknown,unknown,center,unknown,NO
1744349409.78,3870,unknown,unknown,right,unknown,NO
1744349410.48,3880,unknown,unknown,center,unknown,NO
1744349411.18,3890,unknown,unknown,center,unknown,NO
1744349411.9,3900,unknown,unknown,left,unknown,NO
1744349412.59,3910,unknown,unknown,right,unknown,NO
1744349413.35,3920,unknown,unknown,left,unknown,NO
1744349414.05,3930,unknown,unknown,center,unknown,NO
1744349414.76,3940,unknown,unknown,right,unknown,NO
1744349415.47,3950,unknown,unknown,left,unknown,NO
1744349416.17,3960,unknown,unknown,right,unknown,NO
1744349416.88,3970,unknown,unknown,center,unknown,NO
1744349417.59,3980,unknown,unknown,left,unknown,NO
1744349418.29,3990,unknown,unknown,center,unknown,NO
1744349419.0,4000,unknown,unknown,right,unknown,NO
1744349419.7,4010,unknown,unknown,left,unknown,NO
1744349420.4,4020,unknown,unknown,right,unknown,NO
1744349421.11,4030,unknown,unknown,left,unknown,NO
1744349421.83,4040,unknown,unknown,center,unknown,NO
1744349422.54,4050,unknown,unknown,right,unknown,NO
1744349423.25,4060,unknown,unknown,right,unknown,NO
1744349423.94,4070,unknown,unknown,center,unknown,NO
1744349424.66,4080,unknown,unknown,center,unknown,NO
1744349425.35,4090,unknown,unknown,left,unknown,NO
1744349426.06,4100,unknown,unknown,center,unknown,NO
1744349426.77,4110,unknown,unknown,center,unknown,NO
1744349427.47,4120,unknown,unknown,center,unknown,NO
1744349428.19,4130,unknown,unknown,center,unknown,NO
1744349428.89,4140,unknown,unknown,center,unknown,NO
1744349429.59,4150,unknown,unknown,center,unknown,NO
1744349430.31,4160,unknown,unknown,left,unknown,NO
1744349431.02,4170,unknown,unknown,center,unknown,NO
1744349431.72,4180,unknown,unknown,center,unknown,NO
1744349432.42,4190,unknown,unknown,center,unknown,NO
1744349433.13,4200,unknown,unknown,center,unknown,NO
1744349433.84,4210,unknown,unknown,center,unknown,NO
1744349434.55,4220,unknown,unknown,center,unknown,NO
1744349435.25,4230,unknown,unknown,center,unknown,NO
1744349435.96,4240,unknown,unknown,center,unknown,NO
1744349436.67,4250,unknown,unknown,center,unknown,NO
1744349437.39,4260,unknown,unknown,center,unknown,NO
1744349438.09,4270,unknown,unknown,center,unknown,NO
1744349438.8,4280,unknown,unknown,center,unknown,NO
1744349439.5,4290,unknown,unknown,center,unknown,NO
1744349440.21,4300,unknown,unknown,center,unknown,NO
1744349440.92,4310,unknown,unknown,center,unknown,NO
1744349441.62,4320,unknown,unknown,center,unknown,NO
1744349442.33,4330,unknown,unknown,center,unknown,NO
1744349443.04,4340,unknown,unknown,center,unknown,NO
1744349443.75,4350,unknown,unknown,center,unknown,NO
1744349444.44,4360,unknown,unknown,center,unknown,NO
1744349445.16,4370,unknown,unknown,right,unknown,NO
1744349445.85,4380,unknown,unknown,right,unknown,NO
1744349446.57,4390,unknown,unknown,unknown,unknown,NO
1744349447.27,4400,unknown,unknown,right,unknown,NO
1744349447.98,4410,unknown,unknown,center,unknown,NO
1744349448.69,4420,unknown,unknown,right,unknown,NO
1744349449.39,4430,unknown,unknown,center,unknown,NO
1744349450.1,4440,unknown,unknown,center,unknown,NO
1744349450.81,4450,unknown,unknown,left,unknown,NO
1744349451.52,4460,unknown,unknown,center,unknown,NO
1744349452.23,4470,unknown,unknown,right,unknown,NO
1744349452.92,4480,unknown,unknown,center,unknown,NO
1744349453.63,4490,unknown,unknown,center,unknown,NO
1744349454.34,4500,unknown,unknown,center,unknown,NO
1744349455.05,4510,unknown,unknown,center,unknown,NO
1744349455.77,4520,unknown,unknown,center,unknown,NO
1744349456.47,4530,unknown,unknown,left,unknown,NO
1744349457.17,4540,unknown,unknown,center,unknown,NO
1744349457.88,4550,unknown,unknown,center,unknown,NO
1744349458.58,4560,unknown,unknown,center,unknown,NO
1744349459.29,4570,unknown,unknown,left,unknown,NO
1744349460.01,4580,unknown,unknown,right,unknown,NO
1744349460.7,4590,unknown,unknown,center,unknown,NO
1744349461.41,4600,unknown,unknown,left,unknown,NO
1744349462.12,4610,unknown,unknown,right,unknown,NO
1744349462.82,4620,unknown,unknown,left,unknown,NO
1744349463.54,4630,unknown,unknown,right,unknown,NO
1744349464.23,4640,unknown,unknown,left,unknown,NO
1744349464.95,4650,unknown,unknown,right,unknown,NO
1744349465.67,4660,unknown,unknown,right,unknown,NO
1744349466.37,4670,unknown,unknown,left,unknown,NO
1744349467.08,4680,unknown,unknown,right,unknown,NO
1744349467.78,4690,unknown,unknown,center,unknown,NO
1744349468.49,4700,unknown,unknown,right,unknown,NO
1744349469.2,4710,unknown,unknown,left,unknown,NO
1744349469.9,4720,unknown,unknown,center,unknown,NO
1744349470.61,4730,unknown,unknown,left,unknown,NO
1744349471.31,4740,unknown,unknown,left,unknown,NO
1744349472.03,4750,unknown,unknown,right,unknown,NO
1744349472.74,4760,unknown,unknown,right,unknown,NO
1744349473.44,4770,unknown,unknown,center,unknown,NO
1744349474.13,4780,unknown,unknown,right,unknown,NO
1744349474.86,4790,unknown,unknown,left,unknown,NO
1744349475.55,4800,unknown,unknown,left,unknown,NO
1744349476.27,4810,unknown,unknown,left,unknown,NO
1744349476.97,4820,unknown,unknown,center,unknown,NO
1744349477.68,4830,unknown,unknown,right,unknown,NO
1744349478.38,4840,unknown,unknown,center,unknown,NO
1744349479.09,4850,unknown,unknown,center,unknown,NO
1744349479.8,4860,unknown,unknown,left,unknown,NO
1744349480.5,4870,unknown,unknown,center,unknown,NO
1744349481.22,4880,unknown,unknown,center,unknown,NO
1744349481.92,4890,unknown,unknown,left,unknown,NO
1744349482.63,4900,unknown,unknown,left,unknown,NO
1744349483.33,4910,unknown,unknown,center,unknown,NO
1744349484.04,4920,unknown,unknown,right,unknown,NO
1744349484.75,4930,unknown,unknown,left,unknown,NO
1744349485.44,4940,unknown,unknown,right,unknown,NO
1744349486.15,4950,unknown,unknown,left,unknown,NO
1744349486.86,4960,unknown,unknown,left,unknown,NO
1744349487.57,4970,unknown,unknown,right,unknown,NO
1744349488.28,4980,unknown,unknown,left,unknown,NO
1744349488.98,4990,unknown,unknown,right,unknown,NO
1744349489.7,5000,unknown,unknown,left,unknown,NO
1744349490.4,5010,unknown,unknown,right,unknown,NO
1744349491.1,5020,unknown,unknown,left,unknown,NO
1744349491.82,5030,unknown,unknown,center,unknown,NO
1744349492.52,5040,unknown,unknown,right,unknown,NO
1744349493.22,5050,unknown,unknown,left,unknown,NO
1744349493.94,5060,unknown,unknown,left,unknown,NO
1744349494.64,5070,unknown,unknown,right,unknown,NO
1744349495.36,5080,unknown,unknown,left,unknown,NO
1744349496.05,5090,unknown,unknown,center,unknown,NO
1744349496.77,5100,unknown,unknown,right,unknown,NO
1744349497.47,5110,unknown,unknown,center,unknown,NO
1744349498.18,5120,unknown,unknown,center,unknown,NO
1744349498.88,5130,unknown,unknown,right,unknown,NO
1744349499.6,5140,unknown,unknown,left,unknown,NO
1744349500.3,5150,unknown,unknown,center,unknown,NO
1744349501.02,5160,unknown,unknown,unknown,unknown,NO
1744349501.76,5170,unknown,unknown,left,unknown,NO
1744349502.46,5180,unknown,unknown,unknown,unknown,NO
1744349503.17,5190,unknown,unknown,right,unknown,NO
1744349503.87,5200,unknown,unknown,right,unknown,NO
1744349504.58,5210,unknown,unknown,left,unknown,NO
1744349505.28,5220,unknown,unknown,right,unknown,NO
1744349505.99,5230,unknown,unknown,left,unknown,NO
1744349506.7,5240,unknown,unknown,center,unknown,NO
1744349507.41,5250,unknown,unknown,right,unknown,NO
1744349508.11,5260,unknown,unknown,left,unknown,NO
1744349508.83,5270,unknown,unknown,right,unknown,NO
1744349509.52,5280,unknown,unknown,left,unknown,NO
1744349510.22,5290,unknown,unknown,center,unknown,NO
1744349510.94,5300,unknown,unknown,right,unknown,NO
1744349511.65,5310,unknown,unknown,left,unknown,NO
1744349512.35,5320,unknown,unknown,right,unknown,NO
1744349513.06,5330,unknown,unknown,center,unknown,NO
1744349513.77,5340,unknown,unknown,left,unknown,NO
1744349514.47,5350,unknown,unknown,right,unknown,NO
1744349515.18,5360,unknown,unknown,left,unknown,NO
1744349515.89,5370,unknown,unknown,center,unknown,NO
1744349516.58,5380,unknown,unknown,left,unknown,NO
1744349517.3,5390,unknown,unknown,center,unknown,NO
1744349518.01,5400,unknown,unknown,right,unknown,NO
1744349518.71,5410,unknown,unknown,left,unknown,NO
1744349519.41,5420,unknown,unknown,center,unknown,NO
1744349520.13,5430,unknown,unknown,right,unknown,NO
1744349520.84,5440,unknown,unknown,right,unknown,NO
1744349521.55,5450,unknown,unknown,left,unknown,NO
1744349522.25,5460,unknown,unknown,center,unknown,NO
1744349522.96,5470,unknown,unknown,right,unknown,NO
1744349523.67,5480,unknown,unknown,left,unknown,NO
1744349524.37,5490,unknown,unknown,center,unknown,NO
1744349525.07,5500,unknown,unknown,center,unknown,NO
1744349525.79,5510,unknown,unknown,center,unknown,NO
1744349526.49,5520,unknown,unknown,right,unknown,NO
1744349527.2,5530,unknown,unknown,left,unknown,NO
1744349527.91,5540,unknown,unknown,right,unknown,NO
1744349528.6,5550,unknown,unknown,left,unknown,NO
1744349529.32,5560,unknown,unknown,left,unknown,NO
1744349530.03,5570,unknown,unknown,left,unknown,NO
1744349530.73,5580,unknown,unknown,right,unknown,NO
1744349531.44,5590,unknown,unknown,center,unknown,NO
1744349532.15,5600,unknown,unknown,center,unknown,NO
1744349532.86,5610,unknown,unknown,right,unknown,NO
1744349533.56,5620,unknown,unknown,left,unknown,NO
1744349534.27,5630,unknown,unknown,left,unknown,NO
1744349534.98,5640,unknown,unknown,center,unknown,NO
1744349535.68,5650,unknown,unknown,center,unknown,NO
1744349536.39,5660,unknown,unknown,left,unknown,NO
1744349537.1,5670,unknown,unknown,right,unknown,NO
1744349537.81,5680,unknown,unknown,left,unknown,NO
1744349538.5,5690,unknown,unknown,right,unknown,NO
1744349539.22,5700,unknown,unknown,left,unknown,NO
1744349539.92,5710,unknown,unknown,center,unknown,NO
1744349540.62,5720,unknown,unknown,right,unknown,NO
1744349541.34,5730,unknown,unknown,left,unknown,NO
1744349542.04,5740,unknown,unknown,right,unknown,NO
1744349542.76,5750,unknown,unknown,right,unknown,NO
1744349543.45,5760,unknown,unknown,left,unknown,NO
1744349544.19,5770,unknown,unknown,right,unknown,NO
1744349544.91,5780,unknown,open,center,unknown,NO
1744349545.61,5790,unknown,unknown,left,unknown,NO
1744349546.32,5800,unknown,open,left,unknown,NO
1744349547.03,5810,unknown,unknown,left,unknown,NO
1744349547.75,5820,unknown,unknown,right,unknown,NO
1744349548.44,5830,unknown,unknown,right,unknown,NO
1744349549.15,5840,unknown,unknown,left,unknown,NO
1744349549.86,5850,unknown,unknown,center,unknown,NO
1744349550.56,5860,unknown,unknown,left,unknown,NO
1744349551.27,5870,unknown,unknown,left,unknown,NO
1744349551.98,5880,unknown,unknown,center,unknown,NO
1744349552.68,5890,unknown,unknown,center,unknown,NO
1744349553.39,5900,unknown,unknown,center,unknown,NO
1744349554.1,5910,unknown,unknown,right,unknown,NO
1744349554.8,5920,unknown,unknown,center,unknown,NO
1744349555.52,5930,unknown,unknown,center,unknown,NO
1744349556.22,5940,unknown,unknown,center,unknown,NO
1744349556.93,5950,unknown,unknown,left,unknown,NO
1744349557.64,5960,unknown,unknown,right,unknown,NO
1744349558.34,5970,unknown,gripping,right,unknown,NO
1744349559.05,5980,unknown,open,left,unknown,NO
1744349559.75,5990,unknown,gripping,center,unknown,NO
1744349560.46,6000,unknown,unknown,center,unknown,NO
1744349561.17,6010,unknown,unknown,center,unknown,NO
1744349561.88,6020,unknown,unknown,center,unknown,NO
1744349562.58,6030,unknown,unknown,center,unknown,NO
1744349563.29,6040,unknown,unknown,center,unknown,NO
1744349564.0,6050,unknown,unknown,center,unknown,NO
1744349564.71,6060,unknown,unknown,right,unknown,NO
1744349565.41,6070,unknown,unknown,left,unknown,NO
1744349566.12,6080,unknown,unknown,center,unknown,NO
1744349566.83,6090,unknown,unknown,center,unknown,NO
1744349567.53,6100,unknown,unknown,right,unknown,NO
1744349568.24,6110,unknown,unknown,center,unknown,NO
1744349568.94,6120,unknown,gripping,right,unknown,NO
1744349569.64,6130,unknown,gripping,left,unknown,NO
1744349570.35,6140,unknown,gripping,left,unknown,NO
1744349571.06,6150,unknown,gripping,right,unknown,NO
1744349571.76,6160,unknown,unknown,left,unknown,NO
1744349572.47,6170,unknown,gripping,left,unknown,NO
1744349573.19,6180,unknown,gripping,right,unknown,NO
1744349573.89,6190,unknown,unknown,right,unknown,NO
1744349574.59,6200,unknown,unknown,right,unknown,NO
1744349575.29,6210,unknown,unknown,center,unknown,NO
1744349576.0,6220,unknown,unknown,center,unknown,NO
1744349576.71,6230,unknown,unknown,center,unknown,NO
1744349577.42,6240,unknown,unknown,right,unknown,NO
1744349578.12,6250,unknown,unknown,center,unknown,NO
1744349578.83,6260,unknown,unknown,center,unknown,NO
1744349579.54,6270,unknown,unknown,center,unknown,NO
1744349580.24,6280,unknown,unknown,left,unknown,NO
1744349580.95,6290,unknown,unknown,left,unknown,NO
1744349581.66,6300,unknown,unknown,right,unknown,NO
1744349582.36,6310,unknown,unknown,left,unknown,NO
1744349583.07,6320,unknown,unknown,right,unknown,NO
1744349583.78,6330,unknown,unknown,right,unknown,NO
1744349584.49,6340,unknown,unknown,left,unknown,NO
1744349585.19,6350,unknown,unknown,right,unknown,NO
1744349585.9,6360,unknown,unknown,left,unknown,NO
1744349586.61,6370,unknown,unknown,right,unknown,NO
1744349587.31,6380,unknown,unknown,right,unknown,NO
1744349588.02,6390,unknown,unknown,right,unknown,NO
1744349588.73,6400,unknown,unknown,center,unknown,NO
1744349589.43,6410,unknown,unknown,left,unknown,NO
1744349590.14,6420,unknown,unknown,center,unknown,NO
1744349590.85,6430,unknown,unknown,left,unknown,NO
1744349591.56,6440,unknown,unknown,center,unknown,NO
1744349592.26,6450,unknown,unknown,right,unknown,NO
1744349592.97,6460,unknown,unknown,right,unknown,NO
1744349593.69,6470,unknown,unknown,right,unknown,NO
1744349594.4,6480,unknown,unknown,left,unknown,NO
1744349595.1,6490,unknown,unknown,left,unknown,NO
1744349595.81,6500,unknown,unknown,left,unknown,NO
1744349596.51,6510,unknown,unknown,left,unknown,NO
1744349597.22,6520,unknown,unknown,right,unknown,NO
1744349597.93,6530,unknown,unknown,right,unknown,NO
1744349598.64,6540,unknown,unknown,center,unknown,NO
1744349599.35,6550,unknown,unknown,left,unknown,NO
1744349600.05,6560,unknown,unknown,left,unknown,NO
1744349600.76,6570,unknown,unknown,center,unknown,NO
1744349601.46,6580,unknown,unknown,right,unknown,NO
1744349602.17,6590,unknown,unknown,left,unknown,NO
1744349602.88,6600,unknown,unknown,right,unknown,NO
1744349603.58,6610,unknown,unknown,center,unknown,NO
1744349604.29,6620,unknown,unknown,center,unknown,NO
1744349605.0,6630,unknown,unknown,center,unknown,NO
1744349605.71,6640,unknown,unknown,center,unknown,NO
1744349606.41,6650,unknown,unknown,center,unknown,NO
1744349607.12,6660,unknown,unknown,center,unknown,NO
1744349965.88,0,unknown,unknown,unknown,unknown,NO
1744349966.68,10,right,unknown,unknown,unknown,NO
1744349967.38,20,right,unknown,right,unknown,NO
1744349968.09,30,right,unknown,left,unknown,NO
1744349968.8,40,unknown,unknown,left,unknown,NO
1744349969.51,50,right,unknown,left,unknown,NO
1744349970.21,60,right,unknown,center,unknown,NO
1744349970.92,70,right,unknown,left,unknown,NO
1744349971.63,80,right,unknown,right,unknown,NO
1744349972.33,90,unknown,unknown,right,unknown,NO
1744349973.04,100,right,unknown,right,unknown,NO
1744349973.75,110,unknown,unknown,left,unknown,NO
1744349974.46,120,right,unknown,right,unknown,NO
1744349975.17,130,right,unknown,left,unknown,NO
1744349975.87,140,right,unknown,right,unknown,NO
1744349976.6,150,right,unknown,left,unknown,NO
1744349977.32,160,unknown,unknown,left,unknown,NO
1744349978.03,170,right,unknown,left,unknown,NO
1744349978.73,180,right,unknown,left,unknown,NO
1744349979.44,190,right,unknown,left,unknown,NO
1744349980.14,200,right,unknown,right,unknown,NO
1744349980.85,210,right,unknown,center,unknown,NO
1744349981.56,220,right,unknown,left,unknown,NO
1744349982.27,230,right,unknown,right,unknown,NO
1744349982.98,240,unknown,unknown,left,unknown,NO
1744349983.68,250,unknown,unknown,right,unknown,NO
1744349984.39,260,unknown,unknown,center,unknown,NO
1744349985.09,270,unknown,unknown,right,unknown,NO
1744349985.8,280,unknown,unknown,left,unknown,NO
1744349986.51,290,unknown,unknown,left,unknown,NO
1744349987.22,300,right,unknown,right,unknown,NO
1744349987.92,310,right,unknown,left,unknown,NO
1744349988.63,320,right,unknown,right,unknown,NO
1744349989.34,330,right,unknown,center,unknown,NO
1744349990.04,340,right,unknown,left,unknown,NO
1744349990.75,350,right,unknown,right,unknown,NO
1744349991.46,360,right,unknown,left,unknown,NO
1744349992.16,370,right,unknown,right,unknown,NO
1744349992.87,380,right,unknown,left,unknown,NO
1744349993.58,390,right,unknown,left,unknown,NO
1744349994.29,400,right,unknown,right,unknown,NO
1744349994.99,410,right,unknown,left,unknown,NO
1744349995.7,420,right,unknown,left,unknown,NO
1744349996.4,430,right,unknown,right,unknown,NO
1744349997.11,440,right,unknown,left,unknown,NO
1744349997.86,450,right,unknown,right,unknown,NO
1744349998.56,460,right,unknown,left,unknown,NO
1744349999.27,470,right,unknown,right,unknown,NO
1744349999.97,480,right,unknown,left,unknown,NO
1744350000.68,490,right,unknown,right,unknown,NO
1744350001.39,500,right,unknown,right,unknown,NO
1744350002.1,510,right,unknown,right,unknown,NO
1744350002.8,520,right,unknown,right,unknown,NO
1744350003.51,530,right,unknown,left,unknown,NO
1744350004.22,540,right,unknown,left,unknown,NO
1744350004.92,550,right,unknown,left,unknown,NO
1744350005.62,560,right,unknown,left,unknown,NO
1744350006.34,570,right,unknown,right,unknown,NO
1744350007.04,580,right,unknown,unknown,unknown,NO
1744350007.74,590,right,unknown,right,unknown,NO
1744350008.46,600,right,unknown,left,unknown,NO
1744350009.16,610,right,unknown,left,unknown,NO
1744350009.86,620,right,unknown,unknown,unknown,NO
1744350010.57,630,right,unknown,right,unknown,NO
1744350011.28,640,right,unknown,right,unknown,NO
1744350011.99,650,right,unknown,right,unknown,NO
1744350012.7,660,unknown,unknown,left,unknown,NO
1744350013.4,670,unknown,unknown,left,unknown,NO
1744350014.11,680,unknown,unknown,left,unknown,NO
1744350014.82,690,unknown,unknown,right,unknown,NO
1744350015.55,700,unknown,unknown,left,unknown,NO
1744350016.27,710,right,unknown,left,unknown,NO
1744350016.97,720,right,unknown,left,unknown,NO
1744350017.69,730,right,unknown,left,unknown,NO
1744350018.39,740,right,unknown,center,unknown,NO
1744350019.09,750,right,unknown,right,unknown,NO
1744350019.8,760,right,unknown,left,unknown,NO
1744350020.51,770,right,unknown,center,unknown,NO
1744350021.22,780,right,unknown,left,unknown,NO
1744350021.92,790,right,unknown,right,unknown,NO
1744350022.63,800,right,unknown,left,unknown,NO
1744350023.34,810,right,unknown,center,unknown,NO
1744350024.05,820,right,unknown,right,unknown,NO
1744350024.75,830,right,unknown,center,unknown,NO
1744350025.46,840,right,unknown,left,unknown,NO
1744350026.16,850,right,unknown,left,unknown,NO
1744350026.88,860,right,unknown,left,unknown,NO
1744350027.58,870,right,unknown,left,unknown,NO
1744350028.29,880,right,unknown,right,unknown,NO
1744350029.0,890,right,unknown,left,unknown,NO
1744350029.74,900,right,unknown,right,unknown,NO
1744350030.6,910,unknown,unknown,left,unknown,NO
1744350031.39,920,right,unknown,left,unknown,NO
1744350032.1,930,right,unknown,right,unknown,NO
1744350032.81,940,unknown,unknown,right,unknown,NO
1744350033.54,950,unknown,unknown,left,unknown,NO
1744350034.29,960,unknown,unknown,right,unknown,NO
1744350035.0,970,unknown,unknown,right,unknown,NO
1744350035.71,980,right,unknown,left,unknown,NO
1744350036.51,990,unknown,unknown,left,unknown,NO
1744350037.21,1000,unknown,unknown,right,unknown,NO
1744350037.96,1010,unknown,unknown,left,unknown,NO
1744350038.79,1020,unknown,unknown,right,unknown,NO
1744350039.52,1030,unknown,unknown,right,unknown,NO
1744350040.23,1040,unknown,unknown,right,unknown,NO
1744350040.93,1050,unknown,unknown,right,unknown,NO
1744350041.64,1060,unknown,unknown,right,unknown,NO
1744350042.35,1070,unknown,unknown,left,unknown,NO
1744350043.06,1080,unknown,unknown,right,unknown,NO
1744350043.76,1090,unknown,unknown,center,unknown,NO
1744350044.51,1100,unknown,unknown,center,unknown,NO
1744350045.29,1110,unknown,unknown,left,unknown,NO
1744350045.99,1120,unknown,unknown,right,unknown,NO
1744350046.69,1130,unknown,unknown,left,unknown,NO
1744350047.4,1140,unknown,unknown,right,unknown,NO
1744350048.11,1150,unknown,unknown,right,unknown,NO
1744350048.81,1160,unknown,unknown,left,unknown,NO
1744350049.52,1170,unknown,unknown,left,unknown,NO
1744350050.23,1180,unknown,unknown,right,unknown,NO
1744350050.94,1190,unknown,unknown,left,unknown,NO
1744350051.65,1200,unknown,unknown,center,unknown,NO
1744350052.35,1210,unknown,unknown,center,unknown,NO
1744350053.07,1220,unknown,unknown,right,unknown,NO
1744350053.77,1230,unknown,unknown,center,unknown,NO
1744350054.48,1240,unknown,unknown,left,unknown,NO
1744350055.18,1250,unknown,unknown,center,unknown,NO
1744350055.99,1260,unknown,unknown,left,unknown,NO
1744350056.71,1270,unknown,unknown,right,unknown,NO
1744350057.41,1280,unknown,unknown,center,unknown,NO
1744350385.95,0,unknown,unknown,unknown,unknown,NO
1744350386.71,10,unknown,unknown,left,unknown,NO
1744350387.5,20,center,unknown,right,unknown,NO
1744350388.2,30,right,unknown,left,unknown,NO
1744350388.9,40,right,unknown,right,unknown,NO
1744350389.61,50,center,unknown,left,unknown,NO
1744350390.53,60,left,unknown,right,unknown,NO
1744350391.3,70,left,unknown,left,unknown,NO
1744350392.06,80,left,unknown,left,unknown,NO
1744350392.81,90,left,unknown,left,unknown,NO
1744350393.52,100,center,unknown,right,unknown,NO
1744350394.22,110,right,unknown,left,unknown,NO
1744350394.93,120,left,unknown,right,unknown,NO
1744350395.63,130,left,unknown,left,unknown,NO
1744350396.34,140,unknown,unknown,right,unknown,NO
1744350397.05,150,right,unknown,center,unknown,NO
1744350397.75,160,left,unknown,left,unknown,NO
1744350398.51,170,left,unknown,left,unknown,NO
1744350399.21,180,left,unknown,right,unknown,NO
1744350399.92,190,unknown,unknown,right,unknown,NO
1744350400.63,200,unknown,unknown,left,unknown,NO
1744350401.33,210,unknown,unknown,left,unknown,NO
1744350402.11,220,unknown,unknown,left,unknown,NO
1744350402.82,230,unknown,unknown,right,unknown,NO
1744350403.52,240,unknown,unknown,center,unknown,NO
1744350404.31,250,unknown,unknown,unknown,unknown,NO
1744350405.08,260,unknown,unknown,left,unknown,NO
1744350405.87,270,unknown,unknown,right,unknown,NO
1744350406.69,280,unknown,gripping,right,unknown,NO
1744350407.36,290,unknown,gripping,center,unknown,NO
1744350408.03,300,unknown,gripping,center,unknown,NO
1744350408.73,310,unknown,open,unknown,unknown,NO
1744350409.51,320,unknown,open,unknown,unknown,NO
1744350410.26,330,unknown,open,right,unknown,NO
1744350410.93,340,unknown,open,left,unknown,NO
1744350411.6,350,unknown,open,right,unknown,NO
1744350412.26,360,unknown,open,center,unknown,NO
1744350412.93,370,unknown,open,center,unknown,NO
1744350413.6,380,unknown,open,left,unknown,NO
1744350414.29,390,unknown,unknown,right,unknown,NO
1744350415.07,400,unknown,unknown,center,unknown,NO
1744350415.86,410,unknown,unknown,left,unknown,NO
1744350416.53,420,left,unknown,left,unknown,NO
1744350417.23,430,left,unknown,center,unknown,NO
1744350418.04,440,left,unknown,right,unknown,NO
1744350419.05,450,left,unknown,left,unknown,NO
1744350419.9,460,left,unknown,left,unknown,NO
1744350420.74,470,left,unknown,left,unknown,NO
1744350421.54,480,left,unknown,right,unknown,NO
1744350422.31,490,left,unknown,left,unknown,NO
1744350423.03,500,left,open,right,medication,YES
1744350423.7,510,left,open,left,cup,NO
1744350424.37,520,unknown,open,right,unknown,NO
1744350425.04,530,left,open,left,cup,NO
1744350425.81,540,unknown,gripping,center,unknown,NO
1744350426.46,550,left,gripping,right,cup,NO
1744350427.14,560,left,gripping,left,cup,NO
1744350427.85,570,left,unknown,right,unknown,NO
1744350428.7,580,unknown,open,left,unknown,NO
1744350429.41,590,left,unknown,unknown,unknown,NO
1744350430.24,600,unknown,unknown,unknown,unknown,NO
1744350431.07,610,unknown,unknown,unknown,unknown,NO
1744350431.81,620,unknown,unknown,right,unknown,NO
1744350432.51,630,center,unknown,right,unknown,NO
1744350433.27,640,right,unknown,right,unknown,NO
1744350433.97,650,right,unknown,right,unknown,NO
1744350434.71,660,unknown,unknown,unknown,unknown,NO
1744350435.47,670,unknown,unknown,unknown,unknown,NO
1744350436.25,680,unknown,unknown,center,unknown,NO
1744350436.96,690,unknown,unknown,left,unknown,NO
1744350437.67,700,unknown,unknown,left,unknown,NO
1744350438.38,710,unknown,unknown,center,unknown,NO
1744350439.08,720,unknown,unknown,right,unknown,NO
1744350439.79,730,unknown,unknown,left,unknown,NO
1744350440.5,740,unknown,unknown,right,unknown,NO
1744350441.2,750,unknown,unknown,left,unknown,NO
1744350441.9,760,unknown,unknown,left,unknown,NO
1744350442.62,770,unknown,unknown,right,unknown,NO
1744350443.32,780,unknown,unknown,left,unknown,NO
1744350444.03,790,unknown,unknown,center,unknown,NO
1744350444.74,800,unknown,unknown,left,unknown,NO
1744350445.45,810,unknown,unknown,right,unknown,NO
1744350446.15,820,unknown,unknown,left,unknown,NO
1744350446.86,830,unknown,gripping,left,unknown,NO
1744350447.56,840,unknown,unknown,right,unknown,NO
1744350448.27,850,unknown,unknown,left,unknown,NO
1744350448.98,860,unknown,unknown,left,unknown,NO
1744350449.73,870,unknown,unknown,right,unknown,NO
1744350450.43,880,unknown,unknown,right,unknown,NO
1744350451.21,890,unknown,unknown,left,unknown,NO
1744350451.91,900,unknown,unknown,right,unknown,NO
1744350452.62,910,unknown,unknown,left,unknown,NO
1744350453.33,920,unknown,unknown,right,unknown,NO
1744350454.03,930,unknown,unknown,right,unknown,NO
1744350454.73,940,right,unknown,left,unknown,NO
1744350455.45,950,unknown,unknown,center,unknown,NO
1744350456.16,960,unknown,unknown,center,unknown,NO
1744350456.86,970,unknown,unknown,right,unknown,NO
1744350457.57,980,unknown,unknown,left,unknown,NO
1744350458.31,990,unknown,unknown,right,unknown,NO
1744350459.02,1000,unknown,unknown,right,unknown,NO
1744350459.72,1010,unknown,unknown,right,unknown,NO
1744350460.43,1020,unknown,unknown,left,unknown,NO
1744350461.18,1030,unknown,unknown,right,unknown,NO
1744350461.92,1040,unknown,unknown,left,unknown,NO
1744350462.62,1050,right,unknown,right,unknown,NO
1744350463.34,1060,unknown,unknown,center,unknown,NO
1744350464.04,1070,left,unknown,right,unknown,NO
1744350464.75,1080,left,unknown,left,unknown,NO
1744350465.57,1090,left,unknown,left,unknown,NO
1744350466.33,1100,left,unknown,right,unknown,NO
1744350467.03,1110,left,unknown,left,unknown,NO
1744350467.8,1120,left,unknown,right,unknown,NO
1744350468.56,1130,left,unknown,right,unknown,NO
1744350469.26,1140,left,unknown,left,unknown,NO
1744350469.94,1150,left,open,right,medication,YES
1744350470.63,1160,left,open,right,medication,YES
1744350471.38,1170,left,open,right,medication,YES
1744350472.13,1180,left,open,right,medication,YES
1744350472.8,1190,left,open,left,cup,NO
1744350473.5,1200,left,open,right,medication,YES
1744350474.17,1210,left,open,left,cup,NO
1744350474.83,1220,left,open,left,cup,NO
1744350475.58,1230,left,open,left,cup,NO
1744350476.41,1240,left,unknown,right,unknown,NO
1744350477.23,1250,left,unknown,right,unknown,NO
1744350478.11,1260,left,unknown,right,unknown,NO
1744350478.94,1270,right,open,right,medication,YES
1744350479.69,1280,unknown,open,left,unknown,NO
1744350480.55,1290,left,unknown,left,unknown,NO
1744350481.35,1300,left,unknown,left,unknown,NO
1744350482.1,1310,left,unknown,left,unknown,NO
1744350482.94,1320,left,unknown,center,unknown,NO
1744350483.75,1330,unknown,unknown,right,unknown,NO
1744350484.57,1340,right,gripping,left,cup,NO
1744350485.27,1350,right,unknown,center,unknown,NO
1744350485.99,1360,right,gripping,left,cup,NO
1744350486.73,1370,right,unknown,right,unknown,NO
1744350487.47,1380,unknown,unknown,left,unknown,NO
1744350488.17,1390,left,gripping,left,cup,NO
1744350488.91,1400,unknown,unknown,left,unknown,NO
1744350489.66,1410,unknown,unknown,right,unknown,NO
1744350490.43,1420,right,unknown,left,unknown,NO
1744350491.23,1430,right,unknown,unknown,unknown,NO
1744350492.08,1440,right,unknown,left,unknown,NO
1744350493.05,1450,right,unknown,right,unknown,NO
1744350493.76,1460,left,unknown,left,unknown,NO
1744350494.68,1470,left,unknown,left,unknown,NO
1744350495.43,1480,left,unknown,left,unknown,NO
1744350496.1,1490,left,unknown,right,unknown,NO
1744350496.77,1500,left,unknown,right,unknown,NO
1744350497.47,1510,left,open,right,medication,YES
1744350498.14,1520,left,open,left,cup,NO
1744350498.81,1530,left,unknown,right,unknown,NO
1744350499.51,1540,unknown,unknown,center,unknown,NO
1744350500.27,1550,unknown,unknown,center,unknown,NO
1744350501.07,1560,left,unknown,left,unknown,NO
1744350501.84,1570,left,gripping,center,remote,NO
1744350502.59,1580,right,unknown,left,unknown,NO
1744350503.26,1590,right,unknown,center,unknown,NO
1744350503.92,1600,right,unknown,right,unknown,NO
1744350504.59,1610,right,unknown,left,unknown,NO
1744350505.26,1620,right,unknown,center,unknown,NO
1744350505.93,1630,right,unknown,right,unknown,NO
1744350506.59,1640,right,unknown,center,unknown,NO
1744350507.29,1650,right,unknown,right,unknown,NO
1744350507.95,1660,right,unknown,left,unknown,NO
1744350508.62,1670,right,unknown,center,unknown,NO
1744350509.29,1680,right,unknown,right,unknown,NO
1744350509.96,1690,right,unknown,left,unknown,NO
1744350510.69,1700,right,unknown,right,unknown,NO
1744350511.36,1710,center,unknown,right,unknown,NO
1744350512.02,1720,right,unknown,left,unknown,NO
1744350512.69,1730,center,unknown,center,unknown,NO
1744358540.51,0,unknown,unknown,unknown,unknown,NO
1744358541.29,10,left,unknown,center,unknown,NO
1744358541.96,20,right,unknown,left,unknown,NO
1744358542.62,30,right,unknown,left,unknown,NO
1744358543.29,40,right,unknown,right,unknown,NO
1744358543.96,50,right,unknown,left,unknown,NO
1744358544.63,60,right,unknown,left,unknown,NO
1744358545.5,70,right,unknown,right,unknown,NO
1744358546.33,80,right,unknown,right,unknown,NO
1744358547.34,90,left,unknown,center,unknown,NO
1744358548.03,100,left,unknown,left,unknown,NO
1744358548.7,110,left,unknown,center,unknown,NO
1744358549.4,120,right,unknown,left,unknown,NO
1744358550.13,130,right,open,right,medication,YES
1744358550.79,140,unknown,open,right,unknown,NO
1744358551.56,150,right,open,right,medication,YES
1744358552.23,160,right,open,left,cup,NO
1744358552.9,170,right,open,right,medication,YES
1744358553.56,180,right,open,left,cup,NO
1744358554.23,190,right,open,left,cup,NO
1744358554.89,200,right,open,right,medication,YES
1744358555.56,210,right,open,left,cup,NO
1744358556.23,220,right,open,right,medication,YES
1744358556.9,230,right,unknown,left,unknown,NO
1744358557.57,240,right,unknown,right,unknown,NO
1744358558.23,250,right,unknown,left,unknown,NO
1744358558.91,260,unknown,open,right,unknown,NO
1744358559.6,270,right,unknown,left,unknown,NO
1744358560.27,280,right,unknown,right,unknown,NO
1744358560.94,290,right,unknown,center,unknown,NO
1744358561.6,300,right,unknown,left,unknown,NO
1744358562.27,310,right,unknown,left,unknown,NO
1744358562.94,320,right,unknown,center,unknown,NO
1744358563.6,330,right,unknown,left,unknown,NO
1744358564.26,340,right,unknown,center,unknown,NO
1744358564.94,350,center,unknown,right,unknown,NO
1744358565.61,360,right,unknown,center,unknown,NO
1744358566.27,370,unknown,unknown,right,unknown,NO
1744358567.01,380,unknown,open,right,unknown,NO
1744358567.73,390,unknown,unknown,left,unknown,NO
1744358568.55,400,unknown,unknown,unknown,unknown,NO
1744358569.45,410,unknown,unknown,right,unknown,NO
1744358570.24,420,unknown,unknown,center,unknown,NO
1744358571.12,430,unknown,unknown,left,unknown,NO
1744358572.09,440,unknown,open,left,unknown,NO
1744358572.81,450,unknown,unknown,left,unknown,NO
1744358573.52,460,unknown,unknown,left,unknown,NO
1744358574.28,470,left,unknown,left,unknown,NO
1744358575.02,480,left,unknown,left,unknown,NO
1744358575.7,490,left,unknown,center,unknown,NO
1744358576.39,500,right,unknown,center,unknown,NO
1744358577.06,510,right,unknown,center,unknown,NO
1744358577.72,520,right,unknown,center,unknown,NO
1744358578.4,530,right,unknown,right,unknown,NO
1744358579.2,540,unknown,open,center,unknown,NO
1744358579.86,550,unknown,open,center,unknown,NO
1744358580.53,560,unknown,open,left,unknown,NO
1744358581.19,570,unknown,open,left,unknown,NO
1744358581.86,580,unknown,open,right,unknown,NO
1744358582.53,590,right,gripping,center,remote,NO
1744358583.19,600,right,gripping,right,emergency_button,YES
1744358583.86,610,right,open,left,cup,NO
1744358584.53,620,unknown,gripping,left,unknown,NO
1744358585.2,630,unknown,open,right,unknown,NO
1744358585.87,640,right,open,right,medication,YES
1744358586.53,650,right,open,left,cup,NO
1744358587.2,660,right,unknown,left,unknown,NO
1744358587.86,670,right,open,left,cup,NO
1744358588.53,680,right,unknown,left,unknown,NO
1744358589.27,690,right,gripping,right,emergency_button,YES
1744358590.04,700,right,open,left,cup,NO
1744358590.75,710,unknown,unknown,left,unknown,NO
1744358591.46,720,unknown,unknown,center,unknown,NO
1744358592.22,730,left,unknown,right,unknown,NO
1744358592.91,740,left,unknown,right,unknown,NO
1744358593.58,750,left,unknown,center,unknown,NO
1744358594.24,760,left,unknown,left,unknown,NO
1744358594.91,770,left,unknown,left,unknown,NO
1744358595.58,780,left,unknown,center,unknown,NO
1744358596.24,790,left,unknown,center,unknown,NO
1744358596.91,800,left,unknown,right,unknown,NO
1744358597.58,810,left,unknown,right,unknown,NO
1744358598.26,820,right,unknown,left,unknown,NO
1744358598.98,830,right,unknown,right,unknown,NO
1744358599.75,840,right,unknown,right,unknown,NO
1744358600.42,850,right,unknown,left,unknown,NO
1744358601.27,860,right,unknown,center,unknown,NO
1744358601.95,870,right,unknown,left,unknown,NO
1744358723.74,0,unknown,unknown,unknown,unknown,NO
1744358724.55,10,right,unknown,right,unknown,NO
1744358725.22,20,right,unknown,left,unknown,NO
1744358725.93,30,right,unknown,right,unknown,NO
1744358726.72,40,right,unknown,left,unknown,NO
1744358727.42,50,right,unknown,center,unknown,NO
1744358728.09,60,left,unknown,right,unknown,NO
1744358728.76,70,left,unknown,right,unknown,NO
1744358729.46,80,center,unknown,center,unknown,NO
1744358730.12,90,right,unknown,center,unknown,NO
1744358730.78,100,right,unknown,center,unknown,NO
1744358731.46,110,right,unknown,center,unknown,NO
1744358732.12,120,right,unknown,center,unknown,NO
1744358732.8,130,right,unknown,right,unknown,NO
1744358733.53,140,right,unknown,center,unknown,NO
1744358734.19,150,right,unknown,center,unknown,NO
1744358734.86,160,unknown,unknown,left,unknown,NO
1744358735.56,170,unknown,unknown,left,unknown,NO
1744358736.22,180,unknown,unknown,right,unknown,NO
1744358736.88,190,unknown,unknown,left,unknown,NO
1744358737.56,200,unknown,unknown,right,unknown,NO
1744358738.22,210,unknown,unknown,right,unknown,NO
1744358738.9,220,unknown,unknown,right,unknown,NO
1744358739.55,230,unknown,unknown,right,unknown,NO
1744358740.32,240,unknown,unknown,unknown,unknown,NO
1744358741.07,250,unknown,unknown,unknown,unknown,NO
1744358741.86,260,unknown,unknown,right,unknown,NO
1744358742.58,270,unknown,unknown,unknown,unknown,NO
1744358743.42,280,unknown,unknown,unknown,unknown,NO
1744358744.15,290,unknown,unknown,left,unknown,NO
1744358744.85,300,unknown,unknown,center,unknown,NO
1744358745.56,310,unknown,unknown,center,unknown,NO
1744358746.34,320,unknown,unknown,right,unknown,NO
1744358747.05,330,unknown,unknown,center,unknown,NO
1744358747.86,340,unknown,open,left,unknown,NO
1744358748.61,350,unknown,unknown,center,unknown,NO
1744358749.29,360,unknown,open,center,unknown,NO
1744358750.05,370,unknown,open,left,unknown,NO
1744358750.77,380,unknown,unknown,unknown,unknown,NO
1744358751.52,390,unknown,unknown,right,unknown,NO
1744358752.23,400,unknown,unknown,left,unknown,NO
1744358752.97,410,unknown,unknown,left,unknown,NO
1744358753.72,420,unknown,unknown,center,unknown,NO
1744358754.42,430,unknown,unknown,left,unknown,NO
1744358755.16,440,unknown,open,center,unknown,NO
1744358755.86,450,unknown,unknown,right,unknown,NO
1744358756.65,460,unknown,unknown,unknown,unknown,NO
1744358757.36,470,unknown,open,unknown,unknown,NO
1744358758.11,480,unknown,unknown,unknown,unknown,NO
1744358758.95,490,right,unknown,right,unknown,NO
1744358759.68,500,right,unknown,left,unknown,NO
1744358760.49,510,right,unknown,right,unknown,NO
1744358761.18,520,right,unknown,center,unknown,NO
1744358761.85,530,right,unknown,right,unknown,NO
1744358762.55,540,right,unknown,right,unknown,NO
1744358763.32,550,right,unknown,left,unknown,NO
1744358764.05,560,right,unknown,right,unknown,NO
1744358764.9,570,right,unknown,left,unknown,NO
1744358765.65,580,right,open,left,cup,NO
1744358766.32,590,right,open,left,cup,NO
1744358766.98,600,right,open,left,cup,NO
1744358767.65,610,right,open,right,medication,YES
1744358768.32,620,right,open,right,medication,YES
1744358768.99,630,right,open,center,remote,NO
1744358769.66,640,right,open,left,cup,NO
1744358770.32,650,right,open,left,cup,NO
1744358771.17,660,unknown,unknown,right,unknown,NO
1744358771.91,670,unknown,open,left,unknown,NO
1744358772.58,680,right,open,right,medication,YES
1744358773.26,690,unknown,open,left,unknown,NO
1744358773.92,700,unknown,unknown,right,unknown,NO
1744358774.72,710,unknown,unknown,left,unknown,NO
1744358775.66,720,right,unknown,right,unknown,NO
1744358776.42,730,unknown,open,right,unknown,NO
1744358777.09,740,unknown,open,left,unknown,NO
1744358777.76,750,unknown,open,right,unknown,NO
1744358778.42,760,unknown,open,left,unknown,NO
1744358779.15,770,unknown,open,right,unknown,NO
1744358779.83,780,unknown,open,left,unknown,NO
1744358780.76,790,unknown,unknown,right,unknown,NO
1744358781.43,800,unknown,unknown,left,unknown,NO
1744358782.17,810,unknown,unknown,right,unknown,NO
1744358783.04,820,unknown,unknown,right,unknown,NO
1744358783.85,830,unknown,unknown,left,unknown,NO
1744358784.56,840,unknown,unknown,left,unknown,NO
1744358785.26,850,unknown,unknown,left,unknown,NO
1744358785.97,860,unknown,unknown,left,unknown,NO
1744358786.67,870,unknown,unknown,right,unknown,NO
1744358787.38,880,unknown,unknown,unknown,unknown,NO
1744358788.15,890,unknown,unknown,unknown,unknown,NO
1744358788.86,900,unknown,unknown,unknown,unknown,NO
1744358789.6,910,unknown,unknown,right,unknown,NO
1744358790.32,920,unknown,unknown,unknown,unknown,NO
1744358791.09,930,unknown,unknown,unknown,unknown,NO
1744358791.9,940,unknown,unknown,unknown,unknown,NO
1744358792.68,950,unknown,unknown,unknown,unknown,NO
1744358793.38,960,unknown,unknown,unknown,unknown,NO
1744358794.2,970,unknown,unknown,unknown,unknown,NO
1744358794.94,980,unknown,unknown,left,unknown,NO
1744358795.69,990,unknown,unknown,unknown,unknown,NO
1744358796.5,1000,unknown,unknown,right,unknown,NO
1744370631.6,0,center,unknown,idle,unknown,NO
1744370632.39,10,right,unknown,center,unknown,NO
1744370633.06,20,right,unknown,right,unknown,NO
1744370633.79,30,right,unknown,right,unknown,NO
1744370634.46,40,right,unknown,right,unknown,NO
1744370635.13,50,right,unknown,left,unknown,NO
1744370635.79,60,right,unknown,left,unknown,NO
1744370636.49,70,right,unknown,left,unknown,NO
1744370637.16,80,right,unknown,center,unknown,NO
1744370637.86,90,right,unknown,center,unknown,NO
1744370638.59,100,right,open,right,medication,YES
1744370639.25,110,right,open,right,medication,YES
1744370640.1,120,right,unknown,left,unknown,NO
1744370640.93,130,right,open,right,medication,YES
1744370641.69,140,right,unknown,left,unknown,NO
1744370642.36,150,unknown,unknown,left,unknown,NO
1744370643.03,160,left,unknown,right,unknown,NO
1744370643.7,170,left,unknown,left,unknown,NO
1744370644.36,180,left,unknown,right,unknown,NO
1744370645.03,190,left,open,right,medication,YES
1744370645.7,200,left,open,left,cup,NO
1744370646.37,210,left,open,right,medication,YES
1744370647.03,220,left,gripping,left,cup,NO
1744370647.7,230,left,unknown,left,unknown,NO
1744370648.36,240,left,gripping,center,remote,NO
1744370649.03,250,left,unknown,right,unknown,NO
1744370649.7,260,left,unknown,left,unknown,NO
1744370650.37,270,left,open,right,medication,YES
1744370651.1,280,right,unknown,left,unknown,NO
1744370651.77,290,left,unknown,right,unknown,NO
1744370652.43,300,right,unknown,right,unknown,NO
1744370653.1,310,right,unknown,right,unknown,NO
1744370653.77,320,right,unknown,left,unknown,NO
1744370654.44,330,right,unknown,right,unknown,NO
1744370655.11,340,right,unknown,right,unknown,NO
1744370655.77,350,right,unknown,left,unknown,NO
1744370656.44,360,right,unknown,left,unknown,NO
1744370657.1,370,right,unknown,right,unknown,NO
1744370657.77,380,right,unknown,left,unknown,NO
1744370658.44,390,right,unknown,right,unknown,NO
1744370659.11,400,right,unknown,center,unknown,NO
1744370659.77,410,right,unknown,right,unknown,NO
1744370660.44,420,right,gripping,right,emergency_button,YES
1744370661.11,430,right,unknown,left,unknown,NO
1744370661.77,440,right,unknown,left,unknown,NO
1744370662.45,450,right,unknown,right,unknown,NO
1744370663.11,460,right,unknown,center,unknown,NO
1744370663.81,470,right,open,left,cup,NO
1744370664.48,480,right,unknown,right,unknown,NO
1744370665.14,490,right,unknown,left,unknown,NO
1744370665.81,500,right,unknown,left,unknown,NO
1744370666.51,510,right,open,right,medication,YES
1744370667.17,520,right,open,center,remote,NO
1744370667.84,530,right,unknown,left,unknown,NO
1744370668.65,540,right,unknown,center,unknown,NO
1744370669.31,550,right,unknown,center,unknown,NO
1744370670.02,560,right,open,unknown,unknown,NO
1744370670.67,570,right,open,unknown,unknown,NO
1744370671.38,580,right,open,right,medication,YES
1744370672.04,590,right,open,left,cup,NO
1744370672.71,600,right,open,left,cup,NO
1744370673.38,610,right,open,center,remote,NO
1744370674.05,620,right,open,center,remote,NO
1744370674.71,630,right,open,left,cup,NO
1744370675.38,640,right,open,center,remote,NO
1744370676.05,650,right,open,left,cup,NO
1744370676.76,660,left,unknown,left,unknown,NO
1744370677.48,670,left,unknown,right,unknown,NO
1744370678.15,680,right,open,right,medication,YES
1744370678.81,690,left,unknown,left,unknown,NO
1744370679.55,700,right,open,unknown,unknown,NO
1744370680.21,710,right,open,right,medication,YES
1744370680.88,720,right,open,left,cup,NO
1744370681.59,730,right,unknown,right,unknown,NO
1744370682.26,740,right,unknown,center,unknown,NO
1744370682.93,750,right,unknown,center,unknown,NO
1744370683.58,760,right,unknown,center,unknown,NO
1744370684.26,770,right,unknown,right,unknown,NO
1744370684.93,780,right,unknown,center,unknown,NO
1744370685.59,790,right,unknown,left,unknown,NO
1744370686.26,800,right,unknown,center,unknown,NO
1744370686.93,810,right,unknown,right,unknown,NO
1744370687.59,820,right,unknown,center,unknown,NO
1744370688.26,830,right,unknown,left,unknown,NO
1744370688.95,840,left,open,left,cup,NO
1744370689.63,850,left,unknown,left,unknown,NO
1744370690.36,860,left,unknown,right,unknown,NO
1744370691.05,870,right,unknown,left,unknown,NO
1744370691.72,880,right,unknown,center,unknown,NO
1744370692.39,890,right,unknown,center,unknown,NO
1744370693.06,900,right,unknown,right,unknown,NO
1744370693.72,910,right,unknown,center,unknown,NO
1744370694.39,920,right,unknown,center,unknown,NO
1744370695.06,930,right,unknown,right,unknown,NO
1744370695.72,940,right,unknown,center,unknown,NO
1744370696.39,950,right,unknown,center,unknown,NO
1744370697.06,960,right,unknown,center,unknown,NO
1744370697.73,970,right,unknown,center,unknown,NO
1744370698.39,980,right,unknown,right,unknown,NO
1744371093.86,0,unknown,unknown,unknown,unknown,NO
1744371094.83,10,right,unknown,center,unknown,NO
1744371095.82,20,right,unknown,center,unknown,NO
1744371096.79,30,right,unknown,center,unknown,NO
1744371097.79,40,right,unknown,center,unknown,NO
1744371098.79,50,right,unknown,center,unknown,NO
1744371099.75,60,right,unknown,center,unknown,NO
1744371100.53,70,right,unknown,left,unknown,NO
1744371101.52,80,right,unknown,left,unknown,NO
1744371102.31,90,right,unknown,center,unknown,NO
1744371103.11,100,right,unknown,center,unknown,NO
1744371103.9,110,right,open,right,medication,YES
1744371104.69,120,right,open,right,medication,YES
1744371105.38,130,right,gripping,left,cup,NO
1744371106.04,140,right,open,right,medication,YES
1744371106.71,150,right,open,center,remote,NO
1744371107.44,160,right,open,left,cup,NO
1744371108.4,170,right,unknown,right,unknown,NO
1744371109.15,180,right,gripping,left,cup,NO
1744371109.81,190,right,gripping,center,remote,NO
1744371110.48,200,right,gripping,center,remote,NO
1744371111.15,210,right,gripping,left,cup,NO
1744371111.82,220,right,gripping,center,remote,NO
1744371112.59,230,right,open,center,remote,NO
1744371113.35,240,right,gripping,center,remote,NO
1744371114.19,250,right,unknown,left,unknown,NO
1744371114.9,260,right,open,right,medication,YES
1744371115.78,270,right,open,right,medication,YES
1744371116.5,280,right,unknown,right,unknown,NO
1744371117.22,290,right,open,right,medication,YES
1744371117.95,300,right,unknown,left,unknown,NO
1744371118.84,310,right,unknown,left,unknown,NO
1744371119.84,320,right,unknown,right,unknown,NO
1744371120.75,330,right,gripping,right,emergency_button,YES
1744371121.42,340,right,unknown,left,unknown,NO
1744371122.26,350,right,unknown,left,unknown,NO
1744371123.13,360,right,unknown,left,unknown,NO
1744371124.11,370,right,unknown,right,unknown,NO
1744371124.87,380,right,unknown,right,unknown,NO
1744371125.8,390,right,open,right,medication,YES
1744371126.56,400,left,open,left,cup,NO
1744371127.26,410,left,open,left,cup,NO
1744371127.92,420,left,open,right,medication,YES
1744371128.59,430,center,gripping,center,remote,NO
1744371129.25,440,right,gripping,center,remote,NO
1744371129.92,450,center,gripping,right,remote,NO
1744371130.64,460,center,open,center,remote,NO
1744371131.33,470,right,gripping,center,remote,NO
1744371131.99,480,right,gripping,center,remote,NO
1744371132.66,490,left,open,center,remote,NO
1744371133.33,500,left,open,left,cup,NO
1744371134.09,510,left,unknown,right,unknown,NO
1744371135.01,520,right,unknown,right,unknown,NO
1744371135.9,530,right,unknown,center,unknown,NO
1744371136.74,540,right,unknown,center,unknown,NO
1744371137.53,550,right,unknown,center,unknown,NO
1744371138.28,560,right,unknown,center,unknown,NO
1744371139.03,570,right,open,center,remote,NO
1744371139.69,580,right,open,center,remote,NO
1744371140.36,590,right,open,center,remote,NO
1744371141.03,600,right,open,right,medication,YES
1744371141.7,610,right,open,left,cup,NO
1744371142.54,620,right,open,right,medication,YES
1744371143.2,630,right,open,center,remote,NO
1744371143.87,640,right,open,right,medication,YES
1744371144.53,650,right,unknown,left,unknown,NO
1744371145.3,660,right,open,left,cup,NO
1744371146.11,670,right,open,right,medication,YES
1744371147.0,680,left,unknown,right,unknown,NO
1744371147.76,690,left,unknown,left,unknown,NO
1744371148.56,700,right,unknown,left,unknown,NO
1744371149.45,710,left,open,center,remote,NO
1744371150.12,720,unknown,open,left,unknown,NO
1744371150.99,730,left,unknown,right,unknown,NO
1744371151.98,740,left,unknown,right,unknown,NO
1744371152.87,750,center,unknown,center,unknown,NO
1744371153.71,760,left,unknown,left,unknown,NO
1744371154.72,770,right,unknown,right,unknown,NO
1744371155.57,780,left,gripping,right,cup,NO
1744371156.35,790,left,unknown,left,unknown,NO
1744371157.21,800,right,open,right,medication,YES
1744371157.88,810,right,gripping,right,emergency_button,YES
1744371158.75,820,right,unknown,left,unknown,NO
1744371159.47,830,right,open,center,remote,NO
1744371160.19,840,left,unknown,right,unknown,NO
1744371160.93,850,left,open,left,cup,NO
1744371161.59,860,right,open,right,medication,YES
1744371162.46,870,right,unknown,left,unknown,NO
1744371163.46,880,right,unknown,center,unknown,NO
1744371164.46,890,right,unknown,right,unknown,NO
1744371165.46,900,right,unknown,right,unknown,NO
1744371166.46,910,right,unknown,left,unknown,NO
1744371167.46,920,right,unknown,center,unknown,NO
1744371168.46,930,right,unknown,center,unknown,NO
1744371169.47,940,right,unknown,center,unknown,NO
1744371170.46,950,right,unknown,center,unknown,NO
1744371171.47,960,right,unknown,center,unknown,NO
1744371172.46,970,right,unknown,right,unknown,NO
1744371173.18,980,right,open,right,medication,YES
1744371173.85,990,left,open,left,cup,NO
1744371174.66,1000,left,unknown,left,unknown,NO
1744371175.58,1010,unknown,open,unknown,unknown,NO
1744371397.7,0,unknown,unknown,unknown,unknown,NO
1744371398.53,10,left,unknown,left,unknown,NO
1744371399.28,20,left,unknown,center,unknown,NO
1744371400.06,30,left,unknown,center,unknown,NO
1744371400.72,40,left,unknown,center,unknown,NO
1744371401.38,50,left,unknown,right,unknown,NO
1744371402.08,60,left,unknown,right,unknown,NO
1744371402.75,70,right,unknown,left,unknown,NO
1744371403.62,80,unknown,gripping,unknown,unknown,NO
1744371404.28,90,unknown,unknown,unknown,unknown,NO
1744371405.02,100,right,unknown,right,unknown,NO
1744371405.97,110,right,unknown,left,unknown,NO
1744371406.97,120,right,unknown,left,unknown,NO
1744371407.9,130,right,gripping,left,cup,NO
1744371408.78,140,right,open,left,cup,NO
1744371409.45,150,right,open,center,remote,NO
1744371410.11,160,right,gripping,right,emergency_button,YES
1744371410.78,170,right,gripping,right,emergency_button,YES
1744371411.45,180,right,open,right,medication,YES
1744371412.16,190,right,open,center,remote,NO
1744371412.82,200,right,open,center,remote,NO
1744371413.53,210,right,open,left,cup,NO
1744371414.38,220,right,unknown,left,unknown,NO
1744371415.33,230,right,unknown,right,unknown,NO
1744371416.26,240,right,open,right,medication,YES
1744371417.21,250,right,open,right,medication,YES
1744371417.88,260,right,open,center,remote,NO
1744371418.55,270,right,open,left,cup,NO
1744371419.22,280,right,open,left,cup,NO
1744371419.92,290,right,open,right,medication,YES
1744371420.59,300,right,open,center,remote,NO
1744371421.26,310,right,open,left,cup,NO
1744371421.92,320,right,open,left,cup,NO
1744371422.59,330,right,open,right,medication,YES
1744371423.26,340,right,open,left,cup,NO
1744371423.93,350,right,unknown,left,unknown,NO
1744371424.83,360,right,open,left,cup,NO
1744371425.49,370,right,open,center,remote,NO
1744371426.19,380,right,gripping,right,emergency_button,YES
1744371426.86,390,right,gripping,right,emergency_button,YES
1744371427.53,400,right,gripping,center,remote,NO
1744371428.2,410,right,gripping,left,cup,NO
1744371428.87,420,right,gripping,left,cup,NO
1744371429.67,430,right,open,right,medication,YES
1744371430.41,440,right,unknown,right,unknown,NO
1744371431.2,450,right,open,right,medication,YES
1744371431.87,460,right,open,left,cup,NO
1744371432.53,470,right,open,right,medication,YES
1744371433.2,480,right,open,left,cup,NO
1744371433.87,490,right,open,right,medication,YES
1744371434.53,500,right,open,center,remote,NO
1744371435.24,510,right,unknown,left,unknown,NO
1744371436.07,520,left,open,center,remote,NO
1744371436.73,530,left,open,left,cup,NO
1744371437.4,540,left,open,left,cup,NO
1744371438.07,550,left,open,center,remote,NO
1744371438.73,560,left,open,right,medication,YES
1744371439.4,570,left,open,right,medication,YES
1744371440.07,580,left,open,left,cup,NO
1744371440.73,590,left,open,left,cup,NO
1744371441.4,600,left,open,left,cup,NO
1744371442.07,610,left,gripping,right,cup,NO
1744371442.73,620,left,unknown,right,unknown,NO
1744371443.47,630,left,unknown,center,unknown,NO
1744371444.2,640,left,open,center,remote,NO
1744371444.87,650,left,open,center,remote,NO
1744371445.53,660,right,open,right,medication,YES
1744371446.2,670,right,gripping,right,emergency_button,YES
1744371447.08,680,left,open,left,cup,NO
1744371447.81,690,right,unknown,center,unknown,NO
1744371448.6,700,left,open,left,cup,NO
1744371449.27,710,left,open,left,cup,NO
1744371449.94,720,left,open,right,medication,YES
1744371450.61,730,left,open,right,medication,YES
1744371451.28,740,left,open,left,cup,NO
1744371451.94,750,left,open,left,cup,NO
1744371452.64,760,left,unknown,right,unknown,NO
1744371453.51,770,right,open,center,remote,NO
1744371454.19,780,right,unknown,center,unknown,NO
1744371454.97,790,right,open,left,cup,NO
1744371455.67,800,center,open,left,remote,NO
1744371456.34,810,center,gripping,right,remote,NO
1744371457.01,820,right,gripping,right,emergency_button,YES
1744371457.68,830,left,open,center,remote,NO
1744371458.34,840,left,open,left,cup,NO
1744371459.01,850,left,open,right,medication,YES
1744371459.84,860,right,gripping,center,remote,NO
1744371460.56,870,right,unknown,center,unknown,NO
1744371461.35,880,unknown,gripping,center,unknown,NO
1744371462.12,890,unknown,unknown,right,unknown,NO
1744371462.8,900,unknown,unknown,unknown,unknown,NO
1744371463.47,910,unknown,unknown,unknown,unknown,NO
1744371464.22,920,left,unknown,left,unknown,NO
1744371464.92,930,left,unknown,left,unknown,NO
1744371465.58,940,unknown,unknown,center,unknown,NO
1744371466.25,950,unknown,unknown,left,unknown,NO
1744371466.92,960,unknown,unknown,left,unknown,NO
1744371467.59,970,left,unknown,right,unknown,NO
1744371468.28,980,right,unknown,center,unknown,NO
1744371468.95,990,center,unknown,right,unknown,NO
1744371469.62,1000,right,unknown,left,unknown,NO
